Name,Math,Science,English,History
Aditi,85,90,88,75
Rahul,78,82,79,80
Priya,92,95,89,94
Arjun,65,70,72,68
Neha,88,85,90,92
Vikram,55,60,58,62
Isha,99,97,95,98
Sameer,40,42,38,35
Kavya,72,75,70,74
Rohan,nan,68,70,66
