Name,Math,Science,English,History,Total,Mean
Isha,99.0,97.0,95.0,98.0,389.0,97.25
Priya,92.0,95.0,89.0,94.0,370.0,92.50
Neha,88.0,85.0,90.0,92.0,355.0,88.75
Aditi,85.0,90.0,88.0,75.0,338.0,84.50
Rahul,78.0,82.0,79.0,80.0,319.0,79.75
Kavya,72.0,75.0,70.0,74.0,291.0,72.75
Rohan,74.9,68.0,70.0,66.0,278.9,69.72
Arjun,65.0,70.0,72.0,68.0,275.0,68.75
Vikram,55.0,60.0,58.0,62.0,235.0,58.75
Sameer,40.0,42.0,38.0,35.0,155.0,38.75
